{"options":{"comment":null,"compatopts_for_requires":true,"compat_wrappedjsobject":false,"compat_metadata":false,"compat_foreach":false,"compat_arrayleft":false,"compat_uW_gmonkey":false,"compat_forvarin":false,"noframes":null,"awareOfChrome":false,"run_at":null,"override":{"merge_connects":true,"merge_excludes":true,"merge_includes":true,"merge_matches":false,"orig_connects":[],"orig_excludes":[],"orig_includes":["https://fotka.com/profil*","https://*.fotka.com/profil*","http://fotka.com/profil*","http://*.fotka.com/profil*"],"orig_matches":[],"orig_noframes":null,"orig_run_at":"document-idle","use_blockers":[],"use_connects":[],"use_excludes":[],"use_includes":[],"use_matches":[]}},"settings":{"enabled":true,"position":3},"meta":{"name":"Fotka.com AutoLikeer","uuid":"72615e56-0b9c-4c42-8c9f-ae33833da481","modified":1491351270865}}